type,dimension,slope,last_val,pred_2027,pred_lo,pred_hi,r_squared,trend
ideology,axis_market,4.2007945984103224e-4,0.00625152046477794,0.006444445288229403,0.001827678427743066,0.01106121214871574,0.16182695430600033,stable
ideology,axis_nationalist,-3.35497658926425e-4,0.00233471203066003,9.838510582090066e-4,-0.005739507173684075,0.007707209290102088,0.054881134532753985,stable
theme,Infrastructure,-0.29541898187588983,25.64102564102564,29.45195484374988,-13.774104243314717,72.67801393081447,0.002166794732632173,falling
theme,Green/Climate,5.979423058525958,25.64102564102564,73.7531160380934,-74.5486861947492,222.05491827093599,0.06749580915490645,rising
theme,Digital/Tech,2.9322115439185685,37.03703703703704,41.6697444279424,5.346712127739089,77.99277672814571,0.37140351095307245,rising
theme,Manufacturing/PLI,4.021399665117896,31.25,39.21694105785317,26.736280572180732,51.69760154352561,0.8995132049766614,rising
theme,Fiscal/Deficit,5.6528851394897774,62.5,60.45088399818407,38.254363812079205,82.64740418428893,0.6553150779810939,rising
